seed,iter,0::0b::0,0::0b::1,0::0p::0,0::0p::1,0::1b::0,0::1b::1,0::1p::0,0::1p::1,0::2b::0,0::2b::1,0::2p::0,0::2p::1,1::0b::0,1::0b::1,1::0p::0,1::0p::1,1::1b::0,1::1b::1,1::1p::0,1::1p::1,1::2b::0,1::2b::1,1::2p::0,1::2p::1,2::0b::0,2::0b::1,2::0p::0,2::0p::1,2::1b::0,2::1b::1,2::1p::0,2::1p::1,2::2b::0,2::2b::1,2::2p::0,2::2p::1,3::0b::0,3::0b::1,3::0p::0,3::0p::1,3::1b::0,3::1b::1,3::1p::0,3::1p::1,3::2b::0,3::2b::1,3::2p::0,3::2p::1
1,100,2.82013e-05,0.999972,0.5,0.5,0.0138532,0.986147,0.325,0.675,0,1,0.5,0.5,0.104591,0.895409,0.0274706,0.972529,0.0129444,0.987056,0.492593,0.507407,0.460758,0.539242,0.759925,0.240075,0.291214,0.708786,0.0344593,0.965541,0.0187304,0.98127,0.5,0.5,0.920858,0.0791424,0.946127,0.0538725,0.290575,0.709425,0.150643,0.849357,0.235855,0.764145,0,1,0.914219,0.0857814,0,1
1,105,2.74391e-05,0.999973,0.5,0.5,0.0131605,0.98684,0.325,0.675,0,1,0.5,0.5,0.103755,0.896245,0.0274706,0.972529,0.0120618,0.987938,0.492593,0.507407,0.460758,0.539242,0.759925,0.240075,0.290612,0.709388,0.0344593,0.965541,0.0163891,0.983611,0.5,0.5,0.920858,0.0791424,0.946127,0.0538725,0.286008,0.713992,0.140143,0.859857,0.215044,0.784956,0,1,0.904086,0.0959136,0,1
1,110,2.60319e-05,0.999974,0.5,0.5,0.0128395,0.98716,0.325,0.675,0,1,0.5,0.5,0.102861,0.897139,0.0274706,0.972529,0.0115374,0.988463,0.492593,0.507407,0.45879,0.54121,0.785061,0.214939,0.288713,0.711287,0.0398405,0.96016,0.015425,0.984575,0.5,0.5,0.918538,0.0814619,0.946127,0.0538725,0.283115,0.716885,0.140143,0.859857,0.215044,0.784956,0,1,0.853793,0.146207,0,1
1,115,2.53811e-05,0.999975,0.5,0.5,0.0119641,0.988036,0.325,0.675,0,1,0.5,0.5,0.102861,0.897139,0.0274706,0.972529,0.010831,0.989169,0.492593,0.507407,0.454714,0.545286,0.785061,0.214939,0.287925,0.712075,0.0398405,0.96016,0.0145681,0.985432,0.5,0.5,0.913797,0.0862034,0.946127,0.0538725,0.284506,0.715494,0.119521,0.880479,0.203097,0.796903,0,1,0.827514,0.172486,0,1
1,121,2.30738e-05,0.999977,0.5,0.5,0.0116982,0.988302,0.325,0.675,0,1,0.5,0.5,0.101832,0.898168,0.0274706,0.972529,0.0104063,0.989594,0.492593,0.507407,0.451086,0.548914,0.799779,0.200221,0.284783,0.715217,0.0398405,0.96016,0.0138014,0.986199,0.5,0.5,0.913797,0.0862034,0.946127,0.0538725,0.271621,0.728379,0.0953846,0.904615,0.197608,0.802392,0,1,0.817062,0.182938,0,1
1,126,2.30738e-05,0.999977,0.5,0.5,0.0112004,0.9888,0.325,0.675,0,1,0.5,0.5,0.101259,0.898741,0.0274706,0.972529,0.00982813,0.990172,0.492593,0.507407,0.449521,0.550479,0.799779,0.200221,0.283124,0.716876,0.0407769,0.959223,0.0134475,0.986553,0.5,0.5,0.909174,0.0908256,0.938543,0.0614571,0.270841,0.729159,0.0953846,0.904615,0.187474,0.812526,0,1,0.807655,0.192345,0,1
1,132,2.20706e-05,0.999978,0.5,0.5,0.0107433,0.989257,0.325,0.675,0,1,0.5,0.5,0.0999263,0.900074,0.0274706,0.972529,0.00947713,0.990523,0.492593,0.507407,0.448145,0.551855,0.803186,0.196814,0.281593,0.718407,0.0407769,0.959223,0.0131113,0.986889,0.5,0.5,0.90318,0.0968202,0.933352,0.0666485,0.272692,0.727308,0.0953846,0.904615,0.207051,0.792949,0.0935708,0.906429,0.803296,0.196704,0,1
1,139,2.07193e-05,0.999979,0.5,0.5,0.0101235,0.989877,0.325,0.675,0,1,0.5,0.5,0.0988132,0.901187,0.0274706,0.972529,0.00899524,0.991005,0.492593,0.507407,0.446532,0.553468,0.805357,0.194643,0.280736,0.719264,0.0407769,0.959223,0.0119194,0.988081,0.5,0.5,0.899506,0.100494,0.924031,0.075969,0.270437,0.729563,0.0953846,0.904615,0.209292,0.790708,0.0935708,0.906429,0.794105,0.205895,0,1
1,145,1.9524e-05,0.99998,0.5,0.5,0.00993245,0.990068,0.325,0.675,0,1,0.5,0.5,0.0971878,0.902812,0.0274706,0.972529,0.00884532,0.991155,0.492593,0.507407,0.443591,0.556409,0.805357,0.194643,0.278179,0.721821,0.0431801,0.95682,0.0114011,0.988599,0.5,0.5,0.897527,0.102473,0.924031,0.075969,0.266522,0.733478,0.0953846,0.904615,0.219356,0.780644,0.0935708,0.906429,0.768504,0.231496,0,1
1,152,1.88008e-05,0.999981,0.5,0.5,0.00923544,0.990765,0.325,0.675,0,1,0.5,0.5,0.0958961,0.904104,0.0274706,0.972529,0.00855998,0.99144,0.492593,0.507407,0.438637,0.561363,0.805357,0.194643,0.275222,0.724778,0.046486,0.953514,0.0107031,0.989297,0.5,0.5,0.895518,0.104482,0.92006,0.0799401,0.26635,0.73365,0.0953846,0.904615,0.226619,0.773381,0.0935708,0.906429,0.748624,0.251376,0,1
1,159,1.78113e-05,0.999982,0.5,0.5,0.00892237,0.991078,0.325,0.675,0,1,0.5,0.5,0.0925682,0.907432,0.0274706,0.972529,0.00829249,0.991708,0.492593,0.507407,0.436239,0.563761,0.807126,0.192874,0.273216,0.726784,0.046486,0.953514,0.0100856,0.989914,0.5,0.5,0.891695,0.108305,0.913307,0.0866933,0.27021,0.72979,0.0953846,0.904615,0.246442,0.753558,0.210429,0.789571,0.748624,0.251376,0,1
1,166,1.72076e-05,0.999983,0.5,0.5,0.00862983,0.99137,0.325,0.675,0,1,0.5,0.5,0.0925682,0.907432,0.0274706,0.972529,0.00769158,0.992308,0.492593,0.507407,0.433467,0.566533,0.807126,0.192874,0.273216,0.726784,0.046486,0.953514,0.00953548,0.990465,0.5,0.5,0.884062,0.115938,0.909875,0.0901255,0.272657,0.727343,0.0953846,0.904615,0.251386,0.748614,0.278953,0.721047,0.736334,0.263666,0,1
1,174,1.66434e-05,0.999983,0.5,0.5,0.00809877,0.991901,0.325,0.675,0,1,0.5,0.5,0.0878038,0.912196,0.028455,0.971545,0.0075817,0.992418,0.492593,0.507407,0.429733,0.570267,0.807559,0.192441,0.270383,0.729617,0.046486,0.953514,0.00953548,0.990465,0.5,0.5,0.875891,0.124109,0.906805,0.0931947,0.27319,0.72681,0.176849,0.823151,0.258304,0.741696,0.278953,0.721047,0.736334,0.263666,0,1
1,182,1.56192e-05,0.999984,0.5,0.5,0.00797606,0.992024,0.325,0.675,0,1,0.5,0.5,0.085272,0.914728,0.028455,0.971545,0.00698315,0.993017,0.492593,0.507407,0.429733,0.570267,0.807559,0.192441,0.269373,0.730627,0.046486,0.953514,0.00874086,0.991259,0.5,0.5,0.872707,0.127293,0.903412,0.0965884,0.275887,0.724113,0.332897,0.667103,0.252996,0.747004,0.278953,0.721047,0.729892,0.270108,0,1
1,191,1.51529e-05,0.999985,0.5,0.5,0.00731139,0.992689,0.325,0.675,0,1,0.5,0.5,0.085272,0.914728,0.028455,0.971545,0.00655209,0.993448,0.492593,0.507407,0.424057,0.575943,0.808346,0.191654,0.266322,0.733678,0.0469173,0.953083,0.00806849,0.991932,0.5,0.5,0.871093,0.128907,0.899613,0.100387,0.276887,0.723113,0.332897,0.667103,0.237184,0.762816,0.278953,0.721047,0.700866,0.299134,0,1
1,200,1.45035e-05,0.999985,0.5,0.5,0.00721123,0.992789,0.325,0.675,0,1,0.5,0.5,0.0816912,0.918309,0.0285429,0.971457,0.00639421,0.993606,0.492593,0.507407,0.419219,0.580781,0.808603,0.191397,0.261912,0.738088,0.0480515,0.951949,0.00771252,0.992287,0.5,0.5,0.869533,0.130467,0.899613,0.100387,0.281354,0.718646,0.332897,0.667103,0.235369,0.764631,0.329567,0.670433,0.677108,0.322892,0,1
1,209,1.37195e-05,0.999986,0.5,0.5,0.00683662,0.993163,0.325,0.675,0,1,0.5,0.5,0.0805093,0.919491,0.0285429,0.971457,0.00589688,0.994103,0.492593,0.507407,0.418121,0.581879,0.808603,0.191397,0.259346,0.740654,0.0480515,0.951949,0.00760075,0.992399,0.5,0.5,0.861658,0.138342,0.895051,0.104949,0.286789,0.713211,0.332897,0.667103,0.231556,0.768444,0.329567,0.670433,0.634117,0.365883,0,1
1,219,1.3016e-05,0.999987,0.5,0.5,0.00658025,0.99342,0.325,0.675,0,1,0.5,0.5,0.0759394,0.924061,0.0285429,0.971457,0.00576869,0.994231,0.492593,0.507407,0.413615,0.586385,0.806221,0.193779,0.253367,0.746633,0.0480515,0.951949,0.00728405,0.992716,0.5,0.5,0.860138,0.139862,0.895051,0.104949,0.294408,0.705592,0.506585,0.493415,0.21652,0.78348,0.329567,0.670433,0.614606,0.385394,0,1
1,230,1.28512e-05,0.999987,0.5,0.5,0.00619318,0.993807,0.325,0.675,0,1,0.5,0.5,0.0728186,0.927181,0.0285429,0.971457,0.00552832,0.994472,0.492593,0.507407,0.409313,0.590687,0.805212,0.194788,0.2497,0.7503,0.0480515,0.951949,0.00699269,0.993007,0.5,0.5,0.854694,0.145306,0.888715,0.111285,0.303838,0.696162,0.506585,0.493415,0.205827,0.794173,0.329567,0.670433,0.587491,0.412509,0,1
1,240,1.19441e-05,0.999988,0.5,0.5,0.0060508,0.993949,0.325,0.675,0,1,0.5,0.5,0.0690358,0.930964,0.0285429,0.971457,0.0054155,0.994584,0.492593,0.507407,0.405068,0.594932,0.803864,0.196136,0.247333,0.752667,0.0498328,0.950167,0.00663863,0.993361,0.5,0.5,0.850397,0.149603,0.888715,0.111285,0.308113,0.691887,0.506585,0.493415,0.198476,0.801524,0.329567,0.670433,0.554852,0.445148,0,1
1,252,1.16695e-05,0.999988,0.5,0.5,0.00566043,0.99434,0.325,0.675,0,1,0.5,0.5,0.0664594,0.933541,0.0285429,0.971457,0.00520313,0.994797,0.492593,0.507407,0.400085,0.599915,0.802042,0.197958,0.245852,0.754148,0.0506034,0.949397,0.00631869,0.993681,0.5,0.5,0.842296,0.157704,0.877409,0.122591,0.316427,0.683573,0.506585,0.493415,0.187326,0.812674,0.329567,0.670433,0.532658,0.467342,0,1
1,264,1.14073e-05,0.999989,0.5,0.5,0.00531737,0.994683,0.325,0.675,0,1,0.5,0.5,0.0643132,0.935687,0.0285429,0.971457,0.00491407,0.995086,0.492593,0.507407,0.396496,0.603504,0.800223,0.199777,0.24292,0.75708,0.0506034,0.949397,0.00595968,0.99404,0.5,0.5,0.836941,0.163059,0.871911,0.128089,0.337028,0.662972,0.506585,0.493415,0.180528,0.819472,0.340898,0.659102,0.518823,0.481177,0,1
1,276,1.11565e-05,0.999989,0.5,0.5,0.00506173,0.994938,0.325,0.675,0,1,0.5,0.5,0.0635476,0.936452,0.0285429,0.971457,0.00465543,0.995345,0.492593,0.507407,0.39068,0.60932,0.800223,0.199777,0.239858,0.760142,0.0506034,0.949397,0.00570056,0.994299,0.5,0.5,0.830537,0.169463,0.866715,0.133285,0.34557,0.65443,0.646798,0.353202,0.181191,0.818809,0.378274,0.621726,0.493202,0.506798,0,1
1,289,1.05755e-05,0.999989,0.5,0.5,0.00487426,0.995126,0.325,0.675,0,1,0.5,0.5,0.0591328,0.940867,0.0331654,0.966835,0.00461495,0.995385,0.492593,0.507407,0.38557,0.61443,0.797611,0.202389,0.234748,0.765252,0.0535759,0.946424,0.00570056,0.994299,0.5,0.5,0.822287,0.177713,0.854463,0.145537,0.370078,0.629922,0.676503,0.323497,0.19083,0.80917,0.431653,0.568347,0.459188,0.540812,0,1
1,302,9.95339e-06,0.99999,0.5,0.5,0.00461772,0.995382,0.325,0.675,0,1,0.5,0.5,0.0557252,0.944275,0.034621,0.965379,0.00438611,0.995614,0.492593,0.507407,0.384631,0.615369,0.797611,0.202389,0.231402,0.768598,0.0535759,0.946424,0.00557927,0.994421,0.5,0.5,0.81595,0.18405,0.848474,0.151526,0.393646,0.606354,0.676503,0.323497,0.194683,0.805317,0.431653,0.568347,0.434232,0.565768,0,1
1,317,9.40042e-06,0.999991,0.5,0.5,0.0044237,0.995576,0.325,0.675,0,1,0.5,0.5,0.0543424,0.945658,0.034621,0.965379,0.0041141,0.995886,0.492593,0.507407,0.380264,0.619736,0.791131,0.208869,0.226724,0.773276,0.0535759,0.946424,0.00535155,0.994648,0.5,0.5,0.811451,0.188549,0.831231,0.168769,0.420959,0.579041,0.676503,0.323497,0.208714,0.791286,0.527867,0.472133,0.411849,0.588151,0,1
1,332,8.90566e-06,0.999991,0.5,0.5,0.00424532,0.995755,0.325,0.675,0,1,0.5,0.5,0.0526841,0.947316,0.0364744,0.963526,0.00390235,0.996098,0.492593,0.507407,0.375354,0.624646,0.791131,0.208869,0.222057,0.777943,0.0547075,0.945292,0.00514168,0.994858,0.5,0.5,0.807155,0.192845,0.81626,0.18374,0.455309,0.544691,0.810221,0.189779,0.226602,0.773398,0.527867,0.472133,0.39166,0.60834,0,1
1,347,8.53148e-06,0.999991,0.5,0.5,0.00404938,0.995951,0.325,0.675,0,1,0.5,0.5,0.0504375,0.949562,0.0364744,0.963526,0.00376396,0.996236,0.492593,0.507407,0.369075,0.630925,0.784467,0.215533,0.214747,0.785253,0.0580071,0.941993,0.00494766,0.995052,0.5,0.5,0.804358,0.195642,0.811704,0.188296,0.473168,0.526832,0.827073,0.172927,0.264375,0.735625,0.545012,0.454988,0.376881,0.623119,0,1
1,364,8.05751e-06,0.999992,0.5,0.5,0.00389941,0.996101,0.325,0.675,0,1,0.5,0.5,0.0469888,0.953011,0.0364744,0.963526,0.00363506,0.996365,0.492593,0.507407,0.363575,0.636425,0.784467,0.215533,0.210278,0.789722,0.0580071,0.941993,0.00456045,0.99544,0.5,0.5,0.802159,0.197841,0.807232,0.192768,0.509362,0.490638,0.843973,0.156027,0.282155,0.717845,0.519361,0.480639,0.363176,0.636824,0,1
1,381,7.52034e-06,0.999992,0.5,0.5,0.00370718,0.996293,0.325,0.675,0,1,0.5,0.5,0.045063,0.954937,0.0364744,0.963526,0.00342399,0.996576,0.492593,0.507407,0.359581,0.640419,0.784467,0.215533,0.206119,0.793881,0.0580071,0.941993,0.00437043,0.99563,0.5,0.5,0.796728,0.203272,0.788935,0.211065,0.5239,0.4761,0.855547,0.144453,0.318235,0.681765,0.504244,0.495756,0.347386,0.652614,0,1
1,399,7.14962e-06,0.999993,0.5,0.5,0.00355689,0.996443,0.325,0.675,0,1,0.5,0.5,0.042754,0.957246,0.0364744,0.963526,0.00329639,0.996704,0.492593,0.507407,0.352744,0.647256,0.784467,0.215533,0.204012,0.795988,0.0580071,0.941993,0.00419561,0.995804,0.5,0.5,0.789259,0.210741,0.776819,0.223181,0.550535,0.449465,0.865522,0.134478,0.333885,0.666115,0.467324,0.532676,0.335709,0.664291,0,1
1,417,6.81373e-06,0.999993,0.5,0.5,0.00341831,0.996582,0.325,0.675,0,1,0.5,0.5,0.0413205,0.958679,0.0372102,0.96279,0.00317796,0.996822,0.492593,0.507407,0.344456,0.655544,0.780806,0.219194,0.200847,0.799153,0.0580071,0.941993,0.00406552,0.995934,0.5,0.5,0.783448,0.216552,0.776819,0.223181,0.562765,0.437235,0.865522,0.134478,0.346939,0.653061,0.436209,0.563791,0.314562,0.685438,0,1
1,437,6.5925e-06,0.999993,0.5,0.5,0.00326969,0.99673,0.325,0.675,0,1,0.5,0.5,0.0406937,0.959306,0.0390284,0.960972,0.00299841,0.997002,0.492593,0.507407,0.334535,0.665465,0.775218,0.224782,0.196298,0.803702,0.0580071,0.941993,0.00388483,0.996115,0.5,0.5,0.779661,0.220339,0.76498,0.23502,0.585332,0.414668,0.894628,0.105372,0.363983,0.636017,0.430279,0.569721,0.302647,0.697353,0,1
1,458,6.50799e-06,0.999993,0.5,0.5,0.0030254,0.996975,0.325,0.675,0,1,0.5,0.5,0.0401238,0.959876,0.0390284,0.960972,0.00285333,0.997147,0.492593,0.507407,0.318529,0.681471,0.773561,0.226439,0.194728,0.805272,0.0604086,0.939591,0.00366749,0.996333,0.5,0.5,0.772808,0.227192,0.752901,0.247099,0.605684,0.394316,0.907153,0.0928472,0.37551,0.62449,0.435935,0.564065,0.291601,0.708399,0,1
1,479,6.26695e-06,0.999994,0.5,0.5,0.0029084,0.997092,0.325,0.675,0,1,0.5,0.5,0.0395653,0.960435,0.0390284,0.960972,0.00276416,0.997236,0.492593,0.507407,0.304035,0.695965,0.771508,0.228492,0.190071,0.809929,0.0617416,0.938258,0.00349634,0.996504,0.5,0.5,0.768558,0.231442,0.739233,0.260767,0.624131,0.375869,0.915759,0.0842406,0.384708,0.615292,0.43921,0.56079,0.277725,0.722275,0,1
1,502,6.00737e-06,0.999994,0.5,0.5,0.00281508,0.997185,0.325,0.675,0,1,0.5,0.5,0.0396161,0.960384,0.0463511,0.953649,0.0026804,0.99732,0.492593,0.507407,0.29055,0.70945,0.77006,0.22994,0.185845,0.814155,0.0667062,0.933294,0.00327782,0.996722,0.5,0.5,0.763853,0.236147,0.732726,0.267274,0.638913,0.361087,0.922071,0.0779295,0.396176,0.603824,0.438324,0.561676,0.26325,0.73675,0,1
1,525,5.70363e-06,0.999994,0.5,0.5,0.0027135,0.997286,0.325,0.675,0,1,0.5,0.5,0.0403352,0.959665,0.0556597,0.94434,0.00255153,0.997448,0.492593,0.507407,0.281052,0.718948,0.768937,0.231063,0.179488,0.820512,0.0684618,0.931538,0.00319788,0.996802,0.5,0.5,0.756502,0.243498,0.723845,0.276155,0.650687,0.349313,0.924979,0.0750207,0.40586,0.59414,0.425118,0.574882,0.245485,0.754515,0,1
1,550,5.45831e-06,0.999995,0.5,0.5,0.00260604,0.997394,0.325,0.675,0,1,0.5,0.5,0.0399829,0.960017,0.0569884,0.943012,0.00244571,0.997554,0.492593,0.507407,0.268328,0.731672,0.766881,0.233119,0.172546,0.827454,0.0689522,0.931048,0.00304914,0.996951,0.5,0.5,0.750531,0.249469,0.71497,0.28503,0.670392,0.329608,0.928727,0.071273,0.420892,0.579108,0.414429,0.585571,0.234,0.766,0,1
1,576,5.20639e-06,0.999995,0.5,0.5,0.00244846,0.997552,0.325,0.675,0,1,0.5,0.5,0.0404015,0.959598,0.0788545,0.921146,0.00231755,0.997682,0.492593,0.507407,0.260634,0.739366,0.766881,0.233119,0.165361,0.834639,0.0693934,0.930607,0.0028816,0.997118,0.5,0.5,0.745869,0.254131,0.708636,0.291364,0.680231,0.319769,0.930128,0.069872,0.436667,0.563333,0.400877,0.599123,0.218656,0.781344,0,1
1,603,4.97669e-06,0.999995,0.5,0.5,0.00229878,0.997701,0.325,0.675,0,1,0.5,0.5,0.0404513,0.959549,0.0788545,0.921146,0.00220215,0.997798,0.492593,0.507407,0.246073,0.753927,0.766881,0.233119,0.15944,0.84056,0.0698862,0.930114,0.00270336,0.997297,0.5,0.5,0.74216,0.25784,0.698864,0.301136,0.699656,0.300344,0.934471,0.065529,0.447054,0.552946,0.400877,0.599123,0.209497,0.790503,0,1
1,631,4.76641e-06,0.999995,0.5,0.5,0.00217529,0.997825,0.325,0.675,0,1,0.5,0.5,0.0403766,0.959623,0.0788545,0.921146,0.00210603,0.997894,0.492593,0.507407,0.235546,0.764454,0.766881,0.233119,0.154711,0.845289,0.0707944,0.929206,0.00257084,0.997429,0.5,0.5,0.736293,0.263707,0.689013,0.310987,0.709169,0.290831,0.939129,0.0608712,0.4682,0.5318,0.36703,0.63297,0.201075,0.798925,0,1
1,661,4.53235e-06,0.999995,0.5,0.5,0.00208897,0.997911,0.325,0.675,0,1,0.5,0.5,0.0381994,0.961801,0.0788545,0.921146,0.00203341,0.997967,0.492593,0.507407,0.223589,0.776411,0.766881,0.233119,0.147379,0.852621,0.0707944,0.929206,0.00250934,0.997491,0.5,0.5,0.72801,0.27199,0.676542,0.323458,0.726496,0.273504,0.944279,0.0557212,0.47206,0.52794,0.351197,0.648803,0.191454,0.808546,0,1
1,692,4.35728e-06,0.999996,0.5,0.5,0.0020016,0.997998,0.325,0.675,0,1,0.5,0.5,0.0364144,0.963586,0.0788545,0.921146,0.00195117,0.998049,0.492593,0.507407,0.212788,0.787212,0.766881,0.233119,0.141996,0.858004,0.0707944,0.929206,0.00239476,0.997605,0.5,0.5,0.720731,0.279269,0.664817,0.335183,0.733305,0.266695,0.944279,0.0557212,0.477871,0.522129,0.322934,0.677066,0.18525,0.81475,0,1
1,725,4.14386e-06,0.999996,0.5,0.5,0.00188007,0.99812,0.325,0.675,0,1,0.5,0.5,0.0349448,0.965055,0.0788545,0.921146,0.00182378,0.998176,0.492593,0.507407,0.207769,0.792231,0.766881,0.233119,0.135222,0.864778,0.0707944,0.929206,0.00226057,0.997739,0.5,0.5,0.716118,0.283882,0.653428,0.346572,0.740832,0.259168,0.945145,0.0548545,0.482491,0.517509,0.30084,0.69916,0.182743,0.817257,0,1
1,759,3.93506e-06,0.999996,0.5,0.5,0.001809,0.998191,0.325,0.675,0,1,0.5,0.5,0.0331603,0.96684,0.0788545,0.921146,0.00175155,0.998248,0.492593,0.507407,0.19841,0.80159,0.766881,0.233119,0.129884,0.870116,0.0711087,0.928891,0.00218522,0.997815,0.5,0.5,0.708603,0.291397,0.641986,0.358014,0.75184,0.24816,0.948856,0.0511437,0.494976,0.505024,0.255045,0.744955,0.180472,0.819528,0,1
1,795,3.73252e-06,0.999996,0.5,0.5,0.0017489,0.998251,0.325,0.675,0,1,0.5,0.5,0.0315493,0.968451,0.0788545,0.921146,0.00168482,0.998315,0.492593,0.507407,0.188235,0.811765,0.766881,0.233119,0.12547,0.87453,0.0711087,0.928891,0.00208945,0.997911,0.5,0.5,0.701569,0.298431,0.629836,0.370164,0.762828,0.237172,0.950165,0.0498349,0.502329,0.497671,0.242602,0.757398,0.201749,0.798251,0,1
1,832,3.58744e-06,0.999996,0.5,0.5,0.0016765,0.998324,0.325,0.675,0,1,0.5,0.5,0.0305903,0.96941,0.0796965,0.920303,0.00160824,0.998392,0.492593,0.507407,0.178328,0.821672,0.766881,0.233119,0.123166,0.876834,0.0724524,0.927548,0.00197906,0.998021,0.5,0.5,0.695038,0.304962,0.607697,0.392303,0.77605,0.22395,0.953806,0.0461944,0.510651,0.489349,0.231005,0.768995,0.212401,0.787599,0,1
1,871,3.39547e-06,0.999997,0.5,0.5,0.00161975,0.99838,0.325,0.675,0,1,0.5,0.5,0.0306221,0.969378,0.0856854,0.914315,0.00155636,0.998444,0.492593,0.507407,0.170066,0.829934,0.766881,0.233119,0.118367,0.881633,0.0752103,0.92479,0.00187304,0.998127,0.5,0.5,0.689822,0.310178,0.597204,0.402796,0.786467,0.213533,0.957029,0.0429709,0.520237,0.479763,0.216669,0.783331,0.219852,0.780148,0,1
1,913,3.2436e-06,0.999997,0.5,0.5,0.00156208,0.998438,0.325,0.675,0,1,0.5,0.5,0.0321873,0.967813,0.0957697,0.90423,0.00148246,0.998518,0.492593,0.507407,0.161938,0.838062,0.766881,0.233119,0.115797,0.884203,0.0767017,0.923298,0.00178994,0.99821,0.5,0.5,0.682318,0.317682,0.589345,0.410655,0.798516,0.201484,0.960416,0.0395836,0.526951,0.473049,0.208358,0.791642,0.233775,0.766225,0,1
1,955,3.08585e-06,0.999997,0.5,0.5,0.00150406,0.998496,0.325,0.675,0,1,0.5,0.5,0.0357823,0.964218,0.103096,0.896904,0.00145005,0.99855,0.492593,0.507407,0.152412,0.847588,0.766881,0.233119,0.116067,0.883933,0.0882979,0.911702,0.00169178,0.998308,0.5,0.5,0.6762,0.3238,0.570186,0.429814,0.806405,0.193595,0.964447,0.0355525,0.531853,0.468147,0.193462,0.806538,0.25439,0.74561,0,1
1,1000,2.93424e-06,0.999997,0.5,0.5,0.00143831,0.998562,0.325,0.675,0,1,0.5,0.5,0.0386357,0.961364,0.113194,0.886806,0.00137492,0.998625,0.492593,0.507407,0.14537,0.85463,0.766881,0.233119,0.117482,0.882518,0.0932518,0.906748,0.00158925,0.998411,0.5,0.5,0.669757,0.330243,0.545192,0.454808,0.816884,0.183116,0.967499,0.032501,0.537601,0.462399,0.185205,0.814795,0.270905,0.729095,0,1
1,1048,2.80455e-06,0.999997,0.5,0.5,0.00136378,0.998636,0.325,0.675,0,1,0.5,0.5,0.0440754,0.955925,0.122292,0.877708,0.0013268,0.998673,0.492593,0.507407,0.137647,0.862353,0.766881,0.233119,0.121557,0.878443,0.099134,0.900866,0.00152015,0.99848,0.5,0.5,0.66262,0.33738,0.526483,0.473517,0.825344,0.174656,0.969327,0.0306727,0.54688,0.45312,0.183877,0.816123,0.280764,0.719236,0,1
1,1097,2.65771e-06,0.999997,0.5,0.5,0.00131605,0.998684,0.325,0.675,0,1,0.5,0.5,0.0486545,0.951346,0.138178,0.861822,0.00128503,0.998715,0.492593,0.507407,0.130317,0.869683,0.766881,0.233119,0.125552,0.874448,0.10595,0.89405,0.00146905,0.998531,0.5,0.5,0.653735,0.346265,0.503793,0.496207,0.831745,0.168255,0.970585,0.0294152,0.554693,0.445307,0.197266,0.802734,0.297807,0.702193,0,1
1,1149,0.00170284,0.998297,0.5,0.5,0.00127462,0.998725,0.325,0.675,0,1,0.5,0.5,0.0513983,0.948602,0.15252,0.84748,0.00123711,0.998763,0.492593,0.507407,0.121677,0.878323,0.766881,0.233119,0.133347,0.866653,0.137189,0.862811,0.00141744,0.998583,0.5,0.5,0.647551,0.352449,0.491521,0.508479,0.840512,0.159488,0.973398,0.0266024,0.561824,0.438176,0.20455,0.79545,0.317613,0.682387,0,1
1,1203,0.00470668,0.995293,0.231135,0.768865,0.00122709,0.998773,0.325,0.675,0,1,0.5,0.5,0.055148,0.944852,0.171808,0.828192,0.00118729,0.998813,0.492593,0.507407,0.116219,0.883781,0.766881,0.233119,0.138037,0.861963,0.152482,0.847518,0.00134131,0.998659,0.5,0.5,0.639063,0.360937,0.468837,0.531163,0.846234,0.153766,0.97465,0.02535,0.567817,0.432183,0.226476,0.773524,0.340215,0.659785,0,1
1,1259,0.00940838,0.990592,0.230674,0.769326,0.001191,0.998809,0.325,0.675,0,1,0.5,0.5,0.0598846,0.940115,0.184627,0.815373,0.0011316,0.998868,0.492593,0.507407,0.110394,0.889606,0.766881,0.233119,0.142284,0.857716,0.162304,0.837696,0.00128858,0.998711,0.5,0.5,0.628561,0.371439,0.45182,0.54818,0.839601,0.160399,0.975838,0.0241617,0.573417,0.426583,0.235697,0.764303,0.36596,0.63404,0,1
1,1319,0.012744,0.987256,0.247678,0.752322,0.00114439,0.998856,0.325,0.675,0,1,0.5,0.5,0.0641452,0.935855,0.1945,0.8055,0.00108089,0.998919,0.492593,0.507407,0.105629,0.894371,0.766881,0.233119,0.146158,0.853842,0.178484,0.821516,0.00121966,0.99878,0.5,0.5,0.62032,0.37968,0.435547,0.564453,0.833525,0.166475,0.976606,0.0233945,0.582263,0.417737,0.279384,0.720616,0.398278,0.601722,0,1
1,1381,0.0159278,0.984072,0.254252,0.745748,0.00109216,0.998908,0.325,0.675,0,1,0.5,0.5,0.0688712,0.931129,0.20074,0.79926,0.00103656,0.998963,0.492593,0.507407,0.101491,0.898509,0.766881,0.233119,0.151451,0.848549,0.198261,0.801739,0.00117065,0.998829,0.5,0.5,0.612653,0.387347,0.427118,0.572882,0.825858,0.174142,0.977371,0.0226286,0.590528,0.409472,0.317066,0.682934,0.427461,0.572539,0,1
1,1446,0.0218168,0.978183,0.271309,0.728691,0.0010383,0.998962,0.325,0.675,0,1,0.5,0.5,0.0737521,0.926248,0.214135,0.785865,0.00100136,0.998999,0.492593,0.507407,0.0978824,0.902118,0.766881,0.233119,0.159291,0.840709,0.211053,0.788947,0.00112785,0.998872,0.5,0.5,0.605675,0.394325,0.414532,0.585468,0.834988,0.165012,0.978948,0.0210515,0.599122,0.400878,0.359889,0.640111,0.453944,0.546056,0,1
1,1514,0.0261353,0.973865,0.27402,0.72598,0.000995123,0.999005,0.325,0.675,0,1,0.5,0.5,0.077409,0.922591,0.223237,0.776763,0.000963192,0.999037,0.492593,0.507407,0.0925359,0.907464,0.766881,0.233119,0.165655,0.834345,0.226355,0.773645,0.00106813,0.998932,0.5,0.5,0.598781,0.401219,0.404668,0.595332,0.833308,0.166692,0.979616,0.0203838,0.604955,0.395045,0.402932,0.597068,0.481361,0.518639,0,1
1,1585,0.032848,0.967152,0.282226,0.717774,0.000950216,0.99905,0.325,0.675,0,1,0.5,0.5,0.0827837,0.917216,0.234111,0.765889,0.00092299,0.999077,0.492593,0.507407,0.0888046,0.911195,0.766881,0.233119,0.173318,0.826682,0.24038,0.75962,0.00103239,0.998968,0.5,0.5,0.59013,0.40987,0.387913,0.612087,0.821047,0.178953,0.98033,0.0196705,0.602589,0.397411,0.420148,0.579852,0.498159,0.501841,0,1
1,1660,0.0402309,0.959769,0.288921,0.711079,0.00091234,0.999088,0.325,0.675,0,1,0.5,0.5,0.0877675,0.912232,0.249138,0.750862,0.000878674,0.999121,0.492593,0.507407,0.0843814,0.915619,0.766881,0.233119,0.180481,0.819519,0.250302,0.749698,0.000978455,0.999022,0.5,0.5,0.584399,0.415601,0.376048,0.623952,0.819964,0.180036,0.980706,0.0192943,0.593872,0.406128,0.436376,0.563624,0.52141,0.47859,0,1
1,1738,0.0492731,0.950727,0.297487,0.702513,0.000877367,0.999123,0.325,0.675,0,1,0.5,0.5,0.0952246,0.904775,0.27097,0.72903,0.000838419,0.999162,0.492593,0.507407,0.0806723,0.919328,0.766881,0.233119,0.187577,0.812423,0.256978,0.743022,0.000934851,0.999065,0.5,0.5,0.578471,0.421529,0.360795,0.639205,0.828174,0.171826,0.982231,0.0177692,0.586964,0.413036,0.439432,0.560568,0.544284,0.455716,0,1
1,1820,0.0595733,0.940427,0.310581,0.689419,0.000838248,0.999162,0.325,0.675,0,1,0.5,0.5,0.104475,0.895525,0.291375,0.708625,0.000800481,0.9992,0.492593,0.507407,0.0770054,0.922995,0.766881,0.233119,0.196717,0.803283,0.264709,0.735291,0.000881431,0.999119,0.5,0.5,0.575034,0.424966,0.35277,0.64723,0.835155,0.164845,0.982789,0.0172113,0.580902,0.419098,0.444046,0.555954,0.571832,0.428168,0,1
1,1906,0.0703848,0.929615,0.3196,0.6804,0.000808633,0.999191,0.325,0.675,0,1,0.5,0.5,0.114118,0.885882,0.312204,0.687796,0.000764725,0.999235,0.492593,0.507407,0.0732897,0.92671,0.766881,0.233119,0.20462,0.79538,0.27178,0.72822,0.000835114,0.999165,0.5,0.5,0.569532,0.430468,0.338884,0.661116,0.842064,0.157936,0.983324,0.0166762,0.57566,0.42434,0.453704,0.546296,0.590908,0.409092,0,1
1,1996,0.079146,0.920854,0.334568,0.665432,0.00076962,0.99923,0.325,0.675,0,1,0.5,0.5,0.124247,0.875753,0.327144,0.672856,0.000730012,0.99927,0.492593,0.507407,0.0702505,0.929749,0.766881,0.233119,0.214603,0.785397,0.275599,0.724401,0.000804374,0.999196,0.5,0.5,0.563454,0.436546,0.324057,0.675943,0.848636,0.151364,0.984139,0.0158607,0.563511,0.436489,0.456545,0.543455,0.608976,0.391024,0,1
1,2090,0.091334,0.908666,0.345706,0.654294,0.000734198,0.999266,0.325,0.675,0,1,0.5,0.5,0.134363,0.865637,0.335858,0.664142,0.000697397,0.999303,0.492593,0.507407,0.0672475,0.932753,0.766881,0.233119,0.223667,0.776333,0.279316,0.720684,0.000764507,0.999235,0.5,0.5,0.558315,0.441685,0.307722,0.692278,0.855676,0.144324,0.985111,0.0148885,0.549654,0.450346,0.454092,0.545908,0.626642,0.373358,0,1
1,2188,0.105755,0.894245,0.351283,0.648717,0.000708506,0.999291,0.325,0.675,0,1,0.5,0.5,0.147565,0.852435,0.352387,0.647613,0.000673501,0.999326,0.492593,0.507407,0.0638364,0.936164,0.766881,0.233119,0.236061,0.763939,0.286089,0.713911,0.000734526,0.999265,0.5,0.5,0.553027,0.446973,0.292932,0.707068,0.861547,0.138453,0.985791,0.014209,0.537059,0.462941,0.451156,0.548844,0.642266,0.357734,0,1
1,2291,0.119091,0.880909,0.357697,0.642303,0.000677503,0.999322,0.325,0.675,0,1,0.5,0.5,0.15722,0.84278,0.366845,0.633155,0.000639421,0.999361,0.492593,0.507407,0.0608385,0.939161,0.766881,0.233119,0.250137,0.749863,0.294629,0.705371,0.000696483,0.999304,0.5,0.5,0.549043,0.450957,0.286261,0.713739,0.867959,0.132041,0.986705,0.0132948,0.533496,0.466504,0.43166,0.56834,0.658527,0.341473,0,1
1,2399,0.136623,0.863377,0.36805,0.63195,0.000645914,0.999354,0.325,0.675,0,1,0.5,0.5,0.171519,0.828481,0.385239,0.614761,0.000608623,0.999391,0.492593,0.507407,0.0586513,0.941349,0.766881,0.233119,0.262574,0.737426,0.300584,0.699416,0.000668943,0.999331,0.5,0.5,0.541626,0.458374,0.276278,0.723722,0.871965,0.128035,0.98709,0.0129098,0.535112,0.464888,0.403336,0.596664,0.674659,0.325341,0,1
1,2512,0.152209,0.847791,0.379377,0.620623,0.00193699,0.998063,0.00332743,0.996673,0,1,0.5,0.5,0.184007,0.815993,0.39924,0.60076,0.000580655,0.999419,0.492593,0.507407,0.0558973,0.944103,0.766881,0.233119,0.272166,0.727834,0.312769,0.687231,0.00063647,0.999364,0.5,0.5,0.535622,0.464378,0.265908,0.734092,0.877892,0.122108,0.98763,0.0123702,0.536843,0.463157,0.377598,0.622402,0.690113,0.309887,0,1
1,2631,0.165355,0.834645,0.396343,0.603657,0.00826563,0.991734,0.000522374,0.999478,0,1,0.5,0.5,0.195078,0.804922,0.409343,0.590657,0.00055111,0.999449,0.492593,0.507407,0.0531328,0.946867,0.766881,0.233119,0.283958,0.716042,0.323717,0.676283,0.000607004,0.999393,0.5,0.5,0.530305,0.469695,0.25566,0.74434,0.883424,0.116576,0.988487,0.0115134,0.538819,0.461181,0.371666,0.628334,0.707998,0.292002,0,1
1,2755,0.180051,0.819949,0.404458,0.595542,0.0149955,0.985004,0.000365203,0.999635,0,1,0.5,0.5,0.212134,0.787866,0.417376,0.582624,0.00199215,0.998008,0.00409258,0.995907,0.0509804,0.94902,0.766881,0.233119,0.297717,0.702283,0.33856,0.66144,0.000587292,0.999413,0.5,0.5,0.522909,0.477091,0.244791,0.755209,0.888241,0.111759,0.988989,0.0110112,0.545819,0.454181,0.371001,0.628999,0.723006,0.276994,0,1
1,2885,0.194664,0.805336,0.418122,0.581878,0.0228384,0.977162,0.000172392,0.999828,0,1,0.5,0.5,0.226839,0.773161,0.43031,0.56969,0.007203,0.992797,0.000621186,0.999379,0.0486708,0.951329,0.766881,0.233119,0.310745,0.689255,0.356625,0.643375,0.000564534,0.999435,0.5,0.5,0.516086,0.483914,0.230997,0.769003,0.892892,0.107108,0.989367,0.0106333,0.554433,0.445567,0.377817,0.622183,0.737662,0.262338,0,1
1,3020,0.211516,0.788484,0.439512,0.560488,0.0309769,0.969023,9.31382e-05,0.999907,0,1,0.5,0.5,0.243842,0.756158,0.439038,0.560962,0.0131959,0.986804,0.000316546,0.999683,0.0467095,0.95329,0.766881,0.233119,0.326452,0.673548,0.372783,0.627217,0.000540115,0.99946,0.5,0.5,0.510233,0.489767,0.223428,0.776572,0.897173,0.102827,0.989842,0.0101579,0.567244,0.432756,0.393018,0.606982,0.748571,0.251429,0,1
1,3163,0.228597,0.771403,0.452781,0.547219,0.0398141,0.960186,5.72944e-05,0.999943,0,1,0.5,0.5,0.256029,0.743971,0.448611,0.551389,0.0187236,0.981276,0.000204222,0.999796,0.0438716,0.956128,0.766881,0.233119,0.342383,0.657617,0.391966,0.608034,0.00051266,0.999487,0.5,0.5,0.50592,0.49408,0.216678,0.783322,0.901309,0.0986913,0.990366,0.00963383,0.576529,0.423471,0.403833,0.596167,0.761396,0.238604,0,1
1,3312,0.24378,0.75622,0.468638,0.531362,0.0524521,0.947548,4.76205e-05,0.999952,0,1,0.5,0.5,0.27319,0.72681,0.476242,0.523758,0.0276981,0.972302,0.000145829,0.999854,0.0419896,0.95801,0.766881,0.233119,0.357354,0.642646,0.410258,0.589742,0.000486504,0.999513,0.5,0.5,0.502337,0.497663,0.205613,0.794387,0.906305,0.0936953,0.990764,0.00923568,0.589557,0.410443,0.412755,0.587245,0.773392,0.226608,0,1
1,3468,0.257863,0.742137,0.487197,0.512803,0.0650358,0.934964,4.00121e-05,0.99996,0,1,0.5,0.5,0.287095,0.712905,0.48753,0.51247,0.0370793,0.962921,0.000117304,0.999883,0.0398256,0.960174,0.766881,0.233119,0.37329,0.62671,0.432123,0.567877,0.00046826,0.999532,0.5,0.5,0.499041,0.500959,0.195678,0.804322,0.911194,0.0888055,0.991284,0.00871602,0.608198,0.391802,0.448615,0.551385,0.78177,0.21823,0,1
1,3631,0.273405,0.726595,0.510344,0.489656,0.0779386,0.922061,3.43243e-05,0.999966,0,1,0.5,0.5,0.303377,0.696623,0.510654,0.489346,0.0467444,0.953256,7.92172e-05,0.999921,0.038136,0.961864,0.766881,0.233119,0.389352,0.610648,0.444791,0.555209,0.000448249,0.999552,0.5,0.5,0.497104,0.502896,0.186117,0.813883,0.916468,0.083532,0.99191,0.00809012,0.624277,0.375723,0.465371,0.534629,0.789013,0.210987,0,1
1,3802,0.292188,0.707812,0.531244,0.468756,0.0916963,0.908304,2.98802e-05,0.99997,0,1,0.5,0.5,0.319982,0.680018,0.526252,0.473748,0.0566939,0.943306,6.75933e-05,0.999932,0.0363425,0.963658,0.766881,0.233119,0.408227,0.591773,0.466388,0.533612,0.000426037,0.999574,0.5,0.5,0.496532,0.503468,0.177496,0.822504,0.920497,0.0795034,0.992333,0.00766695,0.642254,0.357746,0.4952,0.5048,0.793827,0.206173,0,1
1,3982,0.310037,0.689963,0.560172,0.439828,0.109445,0.890555,2.47626e-05,0.999975,0,1,0.5,0.5,0.340661,0.659339,0.553721,0.446279,0.068061,0.931939,5.22075e-05,0.999948,0.0384359,0.961564,0.677617,0.322383,0.43305,0.56695,0.487661,0.512339,0.000409728,0.99959,0.5,0.5,0.496179,0.503821,0.165773,0.834227,0.924045,0.0759546,0.992691,0.00730929,0.657285,0.342715,0.519812,0.480188,0.781871,0.218129,0,1
1,4169,0.330043,0.669957,0.58888,0.41112,0.127632,0.872368,2.01711e-05,0.99998,0,1,0.5,0.5,0.362913,0.637087,0.580513,0.419487,0.081413,0.918587,4.10573e-05,0.999959,0.0413339,0.958666,0.618013,0.381987,0.459741,0.540259,0.520527,0.479473,0.000390508,0.999609,0.5,0.5,0.496142,0.503858,0.159203,0.840797,0.927391,0.0726091,0.992944,0.00705581,0.672305,0.327695,0.546487,0.453513,0.770721,0.229279,0,1
1,4366,0.355278,0.644722,0.634229,0.365771,0.144386,0.855614,1.65122e-05,0.999983,0,1,0.5,0.5,0.38632,0.61368,0.624933,0.375067,0.0937275,0.906272,3.17324e-05,0.999968,0.0410664,0.958934,0.581929,0.418071,0.48157,0.51843,0.550224,0.449776,0.000371688,0.999628,0.5,0.5,0.496817,0.503183,0.151995,0.848005,0.930454,0.0695458,0.993324,0.00667572,0.687812,0.312188,0.581123,0.418877,0.774193,0.225807,0,1
1,4571,0.376605,0.623395,0.6689,0.3311,0.164367,0.835633,1.27487e-05,0.999987,0,1,0.5,0.5,0.416359,0.583641,0.676735,0.323265,0.105862,0.894138,2.51123e-05,0.999975,0.0392743,0.960726,0.581929,0.418071,0.509075,0.490925,0.585747,0.414253,0.00035677,0.999643,0.5,0.5,0.497723,0.502277,0.145643,0.854357,0.932973,0.0670273,0.993668,0.00633155,0.702708,0.297292,0.607947,0.392053,0.785718,0.214282,0,1
1,4787,0.405075,0.594925,0.710033,0.289967,0.182659,0.817341,1.10388e-05,0.999989,0,1,0.5,0.5,0.444514,0.555486,0.712172,0.287828,0.121292,0.878708,2.00969e-05,0.99998,0.0377398,0.96226,0.579587,0.420413,0.531719,0.468281,0.620233,0.379767,0.000341885,0.999658,0.5,0.5,0.497313,0.502687,0.13853,0.86147,0.935982,0.0640176,0.993958,0.00604247,0.718384,0.281616,0.619772,0.380228,0.793752,0.206248,0,1
1,5012,0.431832,0.568168,0.736739,0.263261,0.20329,0.79671,9.35135e-06,0.999991,0,1,0.5,0.5,0.470407,0.529593,0.732058,0.267942,0.13724,0.86276,1.71345e-05,0.999983,0.0429054,0.957095,0.457154,0.542846,0.550991,0.449009,0.646468,0.353532,0.000547001,0.999453,0,1,0.496063,0.503937,0.132801,0.867199,0.938483,0.0615166,0.994219,0.00578109,0.733444,0.266556,0.611864,0.388136,0.802436,0.197564,0,1
1,5249,0.459279,0.540721,0.762857,0.237143,0.221732,0.778268,8.41798e-06,0.999992,0,1,0.5,0.5,0.493392,0.506608,0.754963,0.245037,0.156906,0.843094,1.42065e-05,0.999986,0.0488197,0.95118,0.372418,0.627582,0.573271,0.426729,0.671659,0.328341,0.00265995,0.99734,0,1,0.494775,0.505225,0.126868,0.873132,0.941388,0.0586116,0.994523,0.00547682,0.744961,0.255039,0.61079,0.38921,0.811315,0.188685,0,1
1,5496,0.483404,0.516596,0.784519,0.215481,0.241978,0.758022,7.62088e-06,0.999992,0,1,0.5,0.5,0.515293,0.484707,0.776774,0.223226,0.17336,0.82664,1.23582e-05,0.999988,0.062321,0.937679,0.249999,0.750001,0.593445,0.406555,0.696575,0.303425,0.00785575,0.992144,0,1,0.49402,0.50598,0.121219,0.878781,0.944002,0.0559984,0.994743,0.00525715,0.757375,0.242625,0.609868,0.390132,0.819124,0.180876,0,1
1,5755,0.506678,0.493322,0.802326,0.197674,0.261792,0.738208,6.83842e-06,0.999993,0,1,0.5,0.5,0.537145,0.462855,0.798105,0.201895,0.193484,0.806516,1.05905e-05,0.999989,0.0770363,0.922964,0.199376,0.800624,0.609098,0.390902,0.714984,0.285016,0.0170451,0.982955,0,1,0.492898,0.507102,0.116835,0.883165,0.946663,0.0533372,0.995056,0.00494443,0.769232,0.230768,0.597356,0.402644,0.826027,0.173973,0,1
1,6026,0.531459,0.468541,0.821011,0.178989,0.284038,0.715962,6.15042e-06,0.999994,0,1,0.5,0.5,0.556882,0.443118,0.809509,0.190491,0.215298,0.784702,9.63666e-06,0.99999,0.0937909,0.906209,0.169888,0.830112,0.627238,0.372762,0.733582,0.266418,0.0297763,0.970224,0,1,0.49062,0.50938,0.113327,0.886673,0.948711,0.0512887,0.995306,0.00469414,0.779659,0.220341,0.564553,0.435447,0.835023,0.164977,0,1
1,6310,0.550886,0.449114,0.835994,0.164006,0.309228,0.690772,5.33864e-06,0.999995,0,1,0.5,0.5,0.577114,0.422886,0.826671,0.173329,0.236173,0.763827,8.19964e-06,0.999992,0.110246,0.889754,0.137372,0.862628,0.645668,0.354332,0.75839,0.24161,0.0416843,0.958316,0,1,0.488398,0.511602,0.1091,0.8909,0.951202,0.0487979,0.995504,0.00449597,0.78799,0.21201,0.536419,0.463581,0.843057,0.156943,0,1
1,6607,0.569503,0.430497,0.846453,0.153547,0.341914,0.658086,4.53363e-06,0.999995,0,1,0.5,0.5,0.595387,0.404613,0.838129,0.161871,0.260518,0.739482,7.0204e-06,0.999993,0.123971,0.876029,0.109177,0.890823,0.662362,0.337638,0.777659,0.222341,0.0568837,0.943116,0,1,0.484856,0.515144,0.106114,0.893886,0.953318,0.0466818,0.995708,0.00429212,0.797831,0.202169,0.504103,0.495897,0.850133,0.149867,0,1
1,6919,0.588328,0.411672,0.859008,0.140992,0.369267,0.630733,3.87851e-06,0.999996,0,1,0.5,0.5,0.616164,0.383836,0.851081,0.148919,0.281278,0.718722,6.23461e-06,0.999994,0.135047,0.864953,0.0916654,0.908335,0.677269,0.322731,0.792536,0.207464,0.074785,0.925215,0,1,0.480029,0.519971,0.101127,0.898873,0.955504,0.0444964,0.995916,0.00408382,0.806214,0.193786,0.480301,0.519699,0.857177,0.142823,0,1
1,7245,0.608791,0.391209,0.870928,0.129072,0.396794,0.603206,3.371e-06,0.999997,0,1,0.5,0.5,0.633499,0.366501,0.862602,0.137398,0.304824,0.695176,5.53834e-06,0.999994,0.146477,0.853523,0.0833953,0.916605,0.692086,0.307914,0.807731,0.192269,0.0942773,0.905723,0,1,0.474116,0.525884,0.0979522,0.902048,0.957511,0.0424893,0.996122,0.00387817,0.814775,0.185225,0.471614,0.528386,0.863705,0.136295,0,1
1,7586,0.628554,0.371446,0.881201,0.118799,0.422947,0.577053,3.14637e-06,0.999997,0,1,0.5,0.5,0.648467,0.351533,0.87065,0.12935,0.333121,0.666879,4.7448e-06,0.999995,0.157941,0.842059,0.0738176,0.926182,0.70584,0.29416,0.819106,0.180894,0.113168,0.886832,0,1,0.466835,0.533165,0.0955725,0.904427,0.959045,0.0409553,0.99626,0.00373986,0.824486,0.175514,0.473458,0.526542,0.870034,0.129966,0,1
1,7944,0.647282,0.352718,0.889914,0.110086,0.446926,0.553074,2.86215e-06,0.999997,0,1,0.5,0.5,0.667662,0.332338,0.878972,0.121028,0.359191,0.640809,4.3552e-06,0.999996,0.168944,0.831056,0.0670154,0.932985,0.719391,0.280609,0.828829,0.171171,0.13468,0.86532,0,1,0.461112,0.538888,0.0931368,0.906863,0.946811,0.0531894,0.996363,0.00363694,0.832607,0.167393,0.482027,0.517973,0.875898,0.124102,0,1
1,8318,0.662751,0.337249,0.896854,0.103146,0.469188,0.530812,2.62583e-06,0.999997,0,1,0.5,0.5,0.681571,0.318429,0.886609,0.113391,0.389716,0.610284,3.8484e-06,0.999996,0.180631,0.819369,0.0580299,0.94197,0.731354,0.268646,0.840396,0.159604,0.157783,0.842217,0,1,0.455221,0.544779,0.0905671,0.909433,0.943607,0.0563925,0.996494,0.00350628,0.839091,0.160909,0.503396,0.496604,0.881871,0.118129,0,1
1,8710,0.67949,0.32051,0.905087,0.0949133,0.490631,0.509369,2.3867e-06,0.999998,0,1,0.5,0.5,0.69589,0.30411,0.895666,0.104334,0.415234,0.584766,3.43521e-06,0.999997,0.192049,0.807951,0.0530928,0.946907,0.744589,0.255411,0.850813,0.149187,0.178874,0.821126,0,1,0.448848,0.551152,0.0874281,0.912572,0.94632,0.0536801,0.996687,0.00331285,0.845731,0.154269,0.527565,0.472435,0.887256,0.112744,0,1
1,9121,0.693997,0.306003,0.911856,0.0881435,0.512236,0.487764,2.19511e-06,0.999998,0,1,0.5,0.5,0.709968,0.290032,0.90263,0.09737,0.441611,0.558389,3.11928e-06,0.999997,0.204802,0.795198,0.046584,0.953416,0.756338,0.243662,0.859739,0.140261,0.202682,0.797318,0,1,0.442253,0.557747,0.0845428,0.915457,0.948319,0.051681,0.996817,0.0031829,0.853633,0.146367,0.557973,0.442027,0.892534,0.107466,0,1
1,9550,0.708011,0.291989,0.918742,0.0812584,0.534508,0.465492,2.02411e-06,0.999998,0,1,0.5,0.5,0.722438,0.277562,0.9086,0.0913996,0.469118,0.530882,2.77748e-06,0.999997,0.216269,0.783731,0.0425462,0.957454,0.766084,0.233916,0.868689,0.131311,0.234833,0.765167,0,1,0.434975,0.565025,0.0823708,0.917629,0.950667,0.0493326,0.996979,0.00302068,0.859369,0.140631,0.572564,0.427436,0.897932,0.102068,0,1
1,10000,0.720099,0.279901,0.922909,0.0770912,0.555572,0.444428,1.8819e-06,0.999998,0,1,0.5,0.5,0.735368,0.264632,0.916142,0.0838579,0.491656,0.508344,2.5482e-06,0.999997,0.227487,0.772513,0.0386809,0.961319,0.77673,0.22327,0.878597,0.121403,0.265894,0.734106,0,1,0.425034,0.574966,0.0803731,0.919627,0.952826,0.0471744,0.997111,0.00288881,0.865925,0.134075,0.596464,0.403536,0.902456,0.0975438,0,1
